{
  "plant": {
    "A": [
      1.0,
      -0.8
    ],
    "B": [
      0.5
    ],
    "d": 1
  },
  "target": {
    "Acl": [
      1.0,
      -1.2,
      0.36
    ],
    "Ac": null,
    "Ao": null
  },
  "controller": {
    "R": [
      0.09999999999999984
    ],
    "S": [
      1.0000000000000002,
      -0.4500000000000001
    ],
    "T": [
      0.32000000000000006
    ],
    "Tmode": "unity_dc",
    "integrator": false,
    "degS": null,
    "degR": null,
    "alloc": "S"
  },
  "simulation": {
    "N": 200,
    "r_step": 1.0,
    "v_step": 0.2,
    "v_k0": 80,
    "noise_sigma": 0.01
  },
  "notes": {
    "Ts": 1.0
  }
}